Unnamed: 0;Unnamed: 1;Unnamed: 2;Unnamed: 3;Unnamed: 4;Unnamed: 5;Unnamed: 6;Unnamed: 7;Unnamed: 8;Unnamed: 9;Unnamed: 10;Unnamed: 11;Unnamed: 12;Unnamed: 13;Unnamed: 14;Unnamed: 15;Unnamed: 16;Unnamed: 18;Unnamed: 19;Unnamed: 20;Unnamed: 21
Luvata Pori Oy;;;;;;PRICE LIST;maalis.25;;;;;;;BKFP=flat, radius R ~1;;;;;;
;;;;;;;;;;;;;;BKMI=round edged flat (R=0,5x thickness);;;;;;
;;;;;;ABB Motors and Generators, Helsinki;;;;; ; ;;;;;;;;
;;;;;;;;;;;;;;BKMP=tapered flat, R ~1;;;;;;
;;;;;;;;;;;;;;BKMJ=round edged, tapered flat;;;;;;
;;;;;;;;;;;;;Machining cost;;;;;;;
;;;;;;;;;;;;;3,15;Eur/pc;;;;;;
Delivery term: FCA Pori;;;;;;;;;;;;;;;;;;;;
Copper price € / kg:;;;;9,481;;Bono ;tba;;;;;;;;;;;;;
LME +  EUR 335/ton + 2%;;;;;;;;;;;;;;;;;;;;
Metal price of copper set is based on the monthly average LME quotation prior to the order date.;;;;;;;;;;;;;;;;;;;;
;;;;;;;;;;;;;;;;;;;;
"No energy adder for May 2023 deliveries; machining capacity increased from 800pc to 1200 pc/wk, additional cost +2eur/pc for qnty over 800 (will be invoiced separately)";;;;;;;;;;;;;;;;;;;;
The adder will be invoiced collectively once a month based on shipped quantities. First invoice is therefore expected early February.;;;;;;;;;;;;Koneistettu ->;;Handling fee for small quantities (included in the price calculation);;;;;;
Type;Conversion;Packing;Handling;Total;Copper;KG Price                       excl. machining;Weight/meter;Lenght mm;PC Price excl. machining;PCS;KG;KG Price                     incl. machining;PC Price                      incl. machining;300 kg or less 350eur;301-500 kg 250eur;-> kaavat;KG;apu 300;apu 500;apu summa
BKFP (BKFD) 22,3x7,2 R1;4,87;0,03;0;4,9;9,481;14,381;1,408;;0;;0;#JAKO/0!;3,15;;;;0;350;250;350
BKFP (BKFD) 22,4x7,2 R1;4,87;0,03;0;4,9;9,481;14,381;1,408;;0;;0;#JAKO/0!;3,15;;;no tooling yet, EUR 1400 to be charged with first order;0;350;250;350
BKFP (BKFD) 25x4 R1;1,84;0,03;0;1,87;9,481;11,351;0,894;;0;;0;#JAKO/0!;3,15;;;;0;350;250;350
BKFP (BKFD) 25X6 R1;1,84;0,03;0;1,87;9,481;11,351;1,333;;0;;0;#JAKO/0!;3,15;;;;0;350;250;350
BKFP (BKFD) 25X9,5 R1;1,84;0,03;0;1,87;9,481;11,351;2,116;;0;;0;#JAKO/0!;3,15;;;;0;350;250;350
BKFP (BKFD) 28X6 R1;1,84;0,03;0;1,87;9,481;11,351;1,498;;0;;0;#JAKO/0!;3,15;;;;0;350;250;350
BKFP (BKFD) 28X7 R1;1,84;0,03;0;1,87;9,481;11,351;1,752;;0;;0;#JAKO/0!;3,15;;;;0;350;250;350
BKFP (BKFD) 28X7,5 R1;1,84;0,03;0;1,87;9,481;11,351;1,87;;0;;0;#JAKO/0!;3,15;;;;0;350;250;350
BKFP (BKFD) 28X8 R1;1,84;0,03;0;1,87;9,481;11,351;2,003;;0;;0;#JAKO/0!;3,15;;;;0;350;250;350
BKFP (BKFD) 28X9 R1;1,84;0,03;0;1,87;9,481;11,351;2,253;;0;;0;#JAKO/0!;3,15;;;;0;350;250;350
BKFP (BKFD) 28X10 R1;1,84;0,03;0;1,87;9,481;11,351;2,503;;0;;0;#JAKO/0!;3,15;;;;0;350;250;350
BKFP (BKFD) 32X5 R1;1,84;0,03;0;1,87;9,481;11,351;1,43;;0;;0;#JAKO/0!;3,15;;;;0;350;250;350
BKFP (BKFD) 32X5,5 R1;1,84;0,03;0;1,87;9,481;11,351;1,573;;0;;0;#JAKO/0!;3,15;;;;0;350;250;350
BKFP (BKFD) 32X6,5 R1;1,84;0,03;0;1,87;9,481;11,351;1,86;;0;;0;#JAKO/0!;3,15;;;;0;350;250;350
BKFP (BKFD) 32X7 R1;1,84;0,03;0;1,87;9,481;11,351;2,003;;0;;0;#JAKO/0!;3,15;;;;0;350;250;350
BKFP (BKFD) 32X7,5 R1;1,84;0,03;0;1,87;9,481;11,351;2,146;;0;;0;#JAKO/0!;3,15;;;;0;350;250;350
BKFP (BKFD) 32X8 R1;1,84;0,03;0;1,87;9,481;11,351;2,289;;0;;0;#JAKO/0!;3,15;;;;0;350;250;350
BKFP (BKFD) 32X8,2 R1;1,84;0,03;0;1,87;9,481;11,351;2,332;;0;;0;#JAKO/0!;3,15;;;;0;350;250;350
BKFP (BKFD) 32X9 R1;1,84;0,03;0;1,87;9,481;11,351;2,535;;0;;0;#JAKO/0!;3,15;;;;0;350;250;350
BKFP (BKFD) 32X10 R1;1,84;0,03;0;1,87;9,481;11,351;2,86;;0;;0;#JAKO/0!;3,15;;;;0;350;250;350
BKFP (BKFD) 32x11 R1,6;1,84;0,03;0;1,87;9,481;11,351;3,147;;0;;0;#JAKO/0!;3,15;;;;0;350;250;350
BKFP (BKFD) 32x12,5 R1,6;1,84;0,03;0;1,87;9,481;11,351;3,576;;0;;0;#JAKO/0!;3,15;;;;0;350;250;350
BKFP (BKFD) 35x4 R1;1,84;0,03;0;1,87;9,481;11,351;1,252;;0;;0;#JAKO/0!;3,15;;;;0;350;250;350
BKFP (BKFD) 35x4,5 R1;1,84;0,03;0;1,87;9,481;11,351;1,408;;0;;0;#JAKO/0!;3,15;;;;0;350;250;350
BKFP (BKFD) 35x5,5 R1;1,84;0,03;0;1,87;9,481;11,351;1,713;;0;;0;#JAKO/0!;3,15;;;;0;350;250;350
BKFP (BKFD) 35x14 R1;1,84;0,03;0;1,87;9,481;11,351;4,36;;0;;0;#JAKO/0!;3,15;;;;0;350;250;350
BKFP (BKFD) 38X7 R1;1,84;0,03;0;1,87;9,481;11,351;2,378;;0;;0;#JAKO/0!;3,15;;;;0;350;250;350
BKFP (BKFD) 40x3 R0,8;1,84;0,03;0;1,87;9,481;11,351;1,073;;0;;0;#JAKO/0!;3,15;;;;0;350;250;350
BKFP (BKFD) 40X4 R1;1,84;0,03;0;1,87;9,481;11,351;1,43;;0;;0;#JAKO/0!;3,15;;;;0;350;250;350
BKFP (BKFD) 40X5 R1;1,84;0,03;0;1,87;9,481;11,351;1,788;;0;;0;#JAKO/0!;3,15;;;;0;350;250;350
BKFP (BKFD) 40X5,5 R1;1,84;0,03;0;1,87;9,481;11,351;1,967;;0;;0;#JAKO/0!;3,15;;;;0;350;250;350
BKFP (BKFD) 40X6 R1;1,84;0,03;0;1,87;9,481;11,351;2,146;;0;;0;#JAKO/0!;3,15;;;;0;350;250;350
BKFP (BKFD) 40X6,5 R1;1,84;0,03;0;1,87;9,481;11,351;2,324;;0;;0;#JAKO/0!;3,15;;;;0;350;250;350
BKFP (BKFD) 40X7 R1;1,84;0,03;0;1,87;9,481;11,351;2,496;;0;;0;#JAKO/0!;3,15;;;;0;350;250;350
BKFP (BKFD) 40X8 R1;1,84;0,03;0;1,87;9,481;11,351;2,812;;0;;0;#JAKO/0!;3,15;;;;0;350;250;350
BKFP (BKFD) 40X8,2 R1;1,84;0,03;0;1,87;9,481;11,351;2,932;;0;;0;#JAKO/0!;3,15;;;;0;350;250;350
BKFP (BKFD) 40X9 R1;1,84;0,03;0;1,87;9,481;11,351;3,218;;0;;0;#JAKO/0!;3,15;;;;0;350;250;350
BKFP (BKFD) 40X10 R1;1,84;0,03;0;1,87;9,481;11,351;3,576;;0;;0;#JAKO/0!;3,15;;;;0;350;250;350
BKFP (BKFD) 40X11 R1,6;1,84;0,03;0;1,87;9,481;11,351;3,934;;0;;0;#JAKO/0!;3,15;;;;0;350;250;350
BKFP (BKFD) 42X12,5 R1,6;1,84;0,03;0;1,87;9,481;11,351;4,694;;0;;0;#JAKO/0!;3,15;;;;0;350;250;350
BKFP (BKFD) 45x2,5 R0,8;1,84;0,03;0;1,87;9,481;11,351;1,006;;0;;0;#JAKO/0!;3,15;;;;0;350;250;350
BKFP (BKFD) 45x3,5 R1;1,84;0,03;0;1,87;9,481;11,351;1,408;;0;;0;#JAKO/0!;3,15;;;;0;350;250;350
BKFP (BKFD) 45x6 R1;1,84;0,03;0;1,87;9,481;11,351;2,414;;0;;0;#JAKO/0!;3,15;;;;0;350;250;350
BKFP (BKFD) 45X7 R1;1,84;0,03;0;1,87;9,481;11,351;2,808;;0;;0;#JAKO/0!;3,15;;;;0;350;250;350
BKFP (BKFD) 45X8 R1;1,84;0,03;0;1,87;9,481;11,351;3,211;;0;;0;#JAKO/0!;3,15;;;;0;350;250;350
BKFP (BKFD) 45X8,5 R1;1,84;0,03;0;1,87;9,481;11,351;3,42;;0;;0;#JAKO/0!;3,15;;;;0;350;250;350
BKFP (BKFD) 45X9 R1;1,84;0,03;0;1,87;9,481;11,351;3,621;;0;;0;#JAKO/0!;3,15;;;;0;350;250;350
BKFP (BKFD) 45X10 R1;1,84;0,03;0;1,87;9,481;11,351;4,023;;0;;0;#JAKO/0!;3,15;;;;0;350;250;350
BKFP (BKFD) 45X11,5 R1,6;1,84;0,03;0;1,87;9,481;11,351;4,626;;0;;0;#JAKO/0!;3,15;;;;0;350;250;350
BKFP (BKFD) 45X12 R1,6;1,84;0,03;0;1,87;9,481;11,351;4,828;;0;;0;#JAKO/0!;3,15;;;;0;350;250;350
BKFP (BKFD) 50X4 R1;1,84;0,03;0;1,87;9,481;11,351;1,788;;0;;0;#JAKO/0!;3,15;;;;0;350;250;350
BKFP (BKFD) 50X4,5 R1;1,84;0,03;0;1,87;9,481;11,351;2,003;;0;;0;#JAKO/0!;3,15;;;;0;350;250;350
BKFP (BKFD) 50X5 R1;1,84;0,03;0;1,87;9,481;11,351;2,213;;0;;0;#JAKO/0!;3,15;;;;0;350;250;350
BKFP (BKFD) 50X5,5 R1;1,84;0,03;0;1,87;9,481;11,351;2,459;;0;;0;#JAKO/0!;3,15;;;;0;350;250;350
BKFP (BKFD) 50X6 R1;1,84;0,03;0;1,87;9,481;11,351;2,665;;0;;0;#JAKO/0!;3,15;;;;0;350;250;350
BKFP (BKFD) 50X7 R1;1,84;0,03;0;1,87;9,481;11,351;3,114;;0;;0;#JAKO/0!;3,15;;;;0;350;250;350
BKFP (BKFD) 50X8 R1;1,84;0,03;0;1,87;9,481;11,351;3,513;;0;;0;#JAKO/0!;3,15;;; ;0;350;250;350
BKFP (BKFD) 50X9 R1;1,84;0,03;0;1,87;9,481;11,351;4,015;;0;;0;#JAKO/0!;3,15;;;;0;350;250;350
BKFP (BKFD) 50X10 R1;1,84;0,03;0;1,87;9,481;11,351;4,47;;0;;0;#JAKO/0!;3,15;;;;0;350;250;350
BKFP (BKFD) 50X10,5 R1,6;1,84;0,03;0;1,87;9,481;11,351;4,696;;0;;0;#JAKO/0!;3,15;;;;0;350;250;350
BKFP (BKFD) 50X11 R1,6;1,84;0,03;0;1,87;9,481;11,351;4,917;;0;;0;#JAKO/0!;3,15;;;;0;350;250;350
BKFP (BKFD) 50X12 R1,6;1,84;0,03;0;1,87;9,481;11,351;5,368;;0;;0;#JAKO/0!;3,15;;;;0;350;250;350
BKFP (BKFD) 50X15 R1,6;1,84;0,03;0;1,87;9,481;11,351;6,712;;0;;0;#JAKO/0!;3,15;;;;0;350;250;350
BKFP (BKFD) 55X8 R1;1,84;0,03;0;1,87;9,481;11,351;3,934;;0;;0;#JAKO/0!;3,15;;;;0;350;250;350
BKFP (BKFD) 55X9,5 R1;1,84;0,03;0;1,87;9,481;11,351;4,671;;0;;0;#JAKO/0!;3,15;;;;0;350;250;350
BKFP (BKFD) 55X14,5 R1;1,84;0,03;0;1,87;9,481;11,351;7,13;;0;;0;#JAKO/0!;3,15;;;;0;350;250;350
BKFP (BKFD) 60X7,2 R1;1,84;0,03;0;1,87;9,481;11,351;3,854;;0;;0;#JAKO/0!;3,15;;;;0;350;250;350
BKFP (BKFD) 60X8 R1;1,84;0,03;0;1,87;9,481;11,351;4,291;;0;;0;#JAKO/0!;3,15;;;;0;350;250;350
BKFP (BKFD) 60X10 R1;1,84;0,03;0;1,87;9,481;11,351;5,364;;0;;0;#JAKO/0!;3,15;;;;0;350;250;350
BKFP (BKFD) 80x10 R1;1,84;0,03;0;1,87;9,481;11,351;7,152;;0;;0;#JAKO/0!;3,15;;;;0;350;250;350
BKMI (BKME) 26x8,50 R4,25;2,05;0,03;0;2,08;9,481;11,561;1,841;;0;;0;#JAKO/0!;3,15;;;;0;350;250;350
BKMI (BKME) 28X11 R5,50;2,05;0,03;0;2,08;9,481;11,561;2,52;;0;;0;#JAKO/0!;3,15;;;;0;350;250;350
BKMI (BKME) 30X12 R;2,05;0,03;0;2,08;9,481;11,561;3,218;;0;;0;#JAKO/0!;3,15;;;;0;350;250;350
BKMI (BKME) 32x11,70 R5,85;2,05;0,03;0;2,08;9,481;11,561;3,091;;0;;0;#JAKO/0!;3,15;;;;0;350;250;350
BKMI (BKME) 33x11 R5,5;2,05;0,03;0;2,08;9,481;11,561;3,013;;0;;0;#JAKO/0!;3,15;;;;0;350;250;350
BKMI (BKME) 40x6 R3;2,05;0,03;0;2,08;9,481;11,561;2,077;;0;;0;#JAKO/0!;3,15;;;;0;350;250;350
BKMI (BKME) 40X7 R3,5;2,05;0,03;0;2,08;9,481;11,561;2,41;;0;;0;#JAKO/0!;3,15;;;;0;350;250;350
BKMI (BKME) 40X9 R 4,5;2,05;0,03;0;2,08;9,481;11,561;3,063;;0;;0;#JAKO/0!;3,15;;;;0;350;250;350
BKMI (BKME) 40X10 R 5;2,05;0,03;0;2,08;9,481;11,561;3,384;;0;;0;#JAKO/0!;3,15;;;;0;350;250;350
BKMI (BKME) 40X12 R 6;2,05;0,03;0;2,08;9,481;11,561;4,02;;0;;0;#JAKO/0!;3,15;;;;0;350;250;350
BKMI (BKME) 40X12,5 R 6,25;2,05;0,03;0;2,08;9,481;11,561;4,18;;0;;0;#JAKO/0!;3,15;;;;0;350;250;350
BKMI (BKME) 45X5 R2,5;2,05;0,03;0;2,08;9,481;11,561;1,968;;0;;0;#JAKO/0!;3,15;;;;0.0;350.0;250.0;350.0
BKMI (BKME) 45X6 R3;2,05;0,03;0;2,08;9,481;11,561;2,35;;0;;0;#JAKO/0!;3,15;;;;0.0;350.0;250.0;350.0
BKMI (BKME) 45X7 R3,5;2,05;0,03;0;2,08;9,481;11,561;2,729;;0;;0;#JAKO/0!;3,15;;;;0.0;350.0;250.0;350.0
BKMI (BKME) 45X9 R4,5;2,05;0,03;0;2,08;9,481;11,561;3,465;;0;;0;#JAKO/0!;3,15;;;;0.0;350.0;250.0;350.0
BKMI (BKME) 45X10 R5;2,05;0,03;0;2,08;9,481;11,561;3,84;;0;;0;#JAKO/0!;3,15;;;;0.0;350.0;250.0;350.0
BKMI (BKME) 45X11 R5,5;2,05;0,03;0;2,08;9,481;11,561;4,193;;0;;0;#JAKO/0!;3,15;;;;0.0;350.0;250.0;350.0
BKMI (BKME) 45X14 R7;2,05;0,03;0;2,08;9,481;11,561;5,268;;0;;0;#JAKO/0!;3,15;;;;0.0;350.0;250.0;350.0
BKMI (BKME) 50X6 R3,0;2,05;0,03;0;2,08;9,481;11,561;2,613;;0;;0;#JAKO/0!;3,15;;;;0.0;350.0;250.0;350.0
BKMI (BKME) 50X7 R3,5;2,05;0,03;0;2,08;9,481;11,561;3,114;;0;;0;#JAKO/0!;3,15;;;;0.0;350.0;250.0;350.0
BKMI (BKME) 50X8 R4,0;2,05;0,03;0;2,08;9,481;11,561;3,453;;0;;0;#JAKO/0!;3,15;;;;0.0;350.0;250.0;350.0
BKMI (BKME) 50X9 R4,5;2,05;0,03;0;2,08;9,481;11,561;3,868;;0;;0;#JAKO/0!;3,15;;;;0.0;350.0;250.0;350.0
BKMI (BKME) 50X10 R5;2,05;0,03;0;2,08;9,481;11,561;4,278;;0;;0;#JAKO/0!;3,15;;;;0.0;350.0;250.0;350.0
BKMI (BKME) 50X12,50 R6,25;2,05;0,03;0;2,08;9,481;11,561;5,288;;0;;0;#JAKO/0!;3,15;;;;0.0;350.0;250.0;350.0
BKMI (BKME) 50X14 R7;2,05;0,03;0;2,08;9,481;11,561;5,88;;0;;0;#JAKO/0!;3,15;;;;0.0;350.0;250.0;350.0
BKMI (BKME) 52X4,5 R2,25;2,05;0,03;0;2,08;9,481;11,561;2,058;;0;;0;#JAKO/0!;3,15;;;;0.0;350.0;250.0;350.0
BKMI (BKME) 55X11,50 R5,75;2,05;0,03;0;2,08;9,481;11,561;5,4;;0;;0;#JAKO/0!;3,15;;;;0.0;350.0;250.0;350.0
BKMI (BKME) 60X11,50 R5,75;2,05;0,03;0;2,08;9,481;11,561;5,928;;0;;0;#JAKO/0!;3,15;;;;0.0;350.0;250.0;350.0
BKMI (BKME) 60X12,50 R6,25;2,05;0,03;0;2,08;9,481;11,561;6,405;;0;;0;#JAKO/0!;3,15;;;;0.0;350.0;250.0;350.0
BKMP (BKMC) 25X12,76/11,24;2,05;0,03;0;2,08;9,481;11,561;2,68;;0;;0;#JAKO/0!;3,15;prof. 2295;;;;;;
BKMP (BKMC) 30x10,20/7,80;2,05;0,03;0;2,08;9,481;11,561;2,41;;0;;0;#JAKO/0!;3,15;prof. 2688;;;;;;
BKMP (BKMC) 30x10,30/8,70;2,05;0,03;0;2,08;9,481;11,561;2,544;;0;;0;#JAKO/0!;3,15;prof. 2681;;;0.0;350.0;250.0;350.0
BKMP (BKMC) 32x5,81/4,19;2,05;0,03;0;2,08;9,481;11,561;1,427;;0;;0;#JAKO/0!;3,15;prof. 2668;;;0.0;350.0;250.0;350.0
BKMP (BKMC) 32X9,62/6,37;2,05;0,03;0;2,08;9,481;11,561;2,285;;0;;0;#JAKO/0!;3,15;prof. 2824;;;0.0;350.0;250.0;350.0
BKMP (BKMC) 32X10,44/5,56;2,05;0,03;0;2,08;9,481;11,561;2,285;;0;;0;#JAKO/0!;3,15;prof. 2654;;;0.0;350.0;250.0;350.0
BKMP (BKMC) 35X6,93/4,07;2,05;0,03;0;2,08;9,481;11,561;1,717;;0;;0;#JAKO/0!;3,15;prof. 2655;;;0.0;350.0;250.0;350.0
BKMP (BKMC) 35X7,07/4,93;2,05;0,03;0;2,08;9,481;11,561;1,88;;0;;0;#JAKO/0!;3,15;prof. 2297;;;0.0;350.0;250.0;350.0
BKMP (BKMC) 35X10,21/6,29;2,05;0,03;0;2,08;9,481;11,561;2,577;;0;;0;#JAKO/0!;3,15;prof. 2680;;;0.0;350.0;250.0;350.0
BKMP (BKMC) 36X8,72/7,28;2,05;0,03;0;2,08;9,481;11,561;2,57;;0;;0;#JAKO/0!;3,15;prof. 2632;;;0.0;350.0;250.0;350.0
BKMP (BKMC) 40X7,19/5,31;2,05;0,03;0;2,08;9,481;11,561;2,23;;0;;0;#JAKO/0!;3,15;prof. 2607;;;0.0;350.0;250.0;350.0
BKMP (BKMC) 40X7,25/5,75;2,05;0,03;0;2,08;9,481;11,561;2,321;;0;;0;#JAKO/0!;3,15;prof. 2637;;;0.0;350.0;250.0;350.0
BKMP (BKMC) 40X8,75/7,25;2,05;0,03;0;2,08;9,481;11,561;2,86;;0;;0;#JAKO/0!;3,15;prof. 2684;;;0.0;350.0;250.0;350.0
BKMP (BKMC) 40X9,50/6,50;2,05;0,03;0;2,08;9,481;11,561;2,86;;0;;0;#JAKO/0!;3,15;prof. 2683;;;0.0;350.0;250.0;350.0
BKMP (BKMC) 40X10,50/7,50;2,05;0,03;1,56;3,6413;9,481;13,122;3,209;944.0;39,75;74.0;224;14,162;42,9;prof. 2610;350.0;;224;350;250;350
BKMP (BKMC) 40X13,80/11,4;2,05;0,03;0;2,08;9,481;11,561;4,502;;0;;0;#JAKO/0!;3,15;prof. 2631;;;0;350;250;350
BKMP (BKMC) 45X7,67/5,33;2,05;0,03;0;2,08;9,481;11,561;2,61;;0;;0;#JAKO/0!;3,15;prof. 2671;;;0;350;250;350
BKMP (BKMC) 45X7,77/5,43;2,05;0,03;0;2,08;9,481;11,561;2,651;;0;;0;#JAKO/0!;3,15;prof. 2649;;;0;350;250;350
BKMP (BKMC) 45X9,11/6,39;2,05;0,03;0;2,08;9,481;11,561;3,114;;0;;0;#JAKO/0!;3,15;prof. 2665;;;0;350;250;350
BKMP (BKMC) 45X11,67/9,33;2,05;0,03;0;2,08;9,481;11,561;4,22;;0;;0;#JAKO/0!;3,15;prof. 2659;;;0;350;250;350
BKMP (BKMC) 50X7,45/7,05;2,05;0,03;0;2,08;9,481;11,561;3,24;;0;;0;#JAKO/0!;3,15;prof. 2272;;;0;350;250;350
BKMP (BKMC) 50X8,65/5,85;2,05;0,03;0;2,08;9,481;11,561;3,237;;0;;0;#JAKO/0!;3,15;prof. 2664;;;0;350;250;350
BKMP (BKMC) 50X9,15/6,35;2,05;0,03;0;2,08;9,481;11,561;3,441;;0;;0;#JAKO/0!;3,15;prof. 2609;;;0;350;250;350
BKMP (BKMC) 50X9,80/8,20;2,05;0,03;0;2,08;9,481;11,561;4,019;;0;;0;#JAKO/0!;3,15;prof. 2256;;;0;350;250;350
BKMP (BKMC) 50X11,33/8,37;2,05;0,03;0;2,08;9,481;11,561;4,4;;0;;0;#JAKO/0!;3,15;prof. 2629;;;0;350;250;350
BKMP (BKMC) 60X10,54/5,96;2,05;0,03;0;2,08;9,481;11,561;4,42;;0;;0;#JAKO/0!;3,15;prof. 2208;;;0;350;250;350
BKMP (BKMC) 60X10,67/7,33;2,05;0,03;0;2,08;9,481;11,561;4,82;;0;;0;#JAKO/0!;3,15;prof. 2682;;;0;350;250;350
BKMJ (BKMF) 32X7/5,00;2,05;0,03;6,17;8,2522;9,481;17,733;1,66;854.0;25,14;40.0;57;19,955;28,29;prof. 2237;350.0;;57;350;250;350
BKMJ (BKMF) 32X7,50/5,50;2,05;0,03;0;2,08;9,481;11,561;1,79;;0;;0;#JAKO/0!;3,15;prof. 2285;;;0;350;250;350
BKMJ (BKMF) 35X11,50/10,50;2,05;0,03;0;2,08;9,481;11,561;3,2;;0;;0;#JAKO/0!;3,15;prof. 2282;;;0;350;250;350
BKMJ (BKMF) 40X6,50/4,50;2,05;0,03;0;2,08;9,481;11,561;1,913;;0;;0;#JAKO/0!;3,15;prof. 2280;;;0;350;250;350
BKMJ (BKMF) 40X7/5,0;2,05;0,03;0;2,08;9,481;11,561;2,08;;0;;0;#JAKO/0!;3,15;prof. 2238;;;0;350;250;350
BKMJ (BKMF) 40X7,5/5,5;2,05;0,03;0;2,08;9,481;11,561;2,251;;0;;0;#JAKO/0!;3,15;prof. 2281;;;0;350;250;350
BKMJ (BKMF) 40X8,5/5,5;2,05;0,03;0;2,08;9,481;11,561;2,43;;0;;0;#JAKO/0!;3,15;prof. 2230;;;0;350;250;350
BKMJ (BKMF) 40X9/7,0;2,05;0,03;0;2,08;9,481;11,561;2,75;;0;;0;#JAKO/0!;3,15;prof. 2235;;;0;350;250;350
BKMJ (BKMF) 45X9/6,0;2,05;0,03;0;2,08;9,481;11,561;2,93;;0;;0;#JAKO/0!;3,15;prof. 2267;;;0;350;250;350
BKMJ (BKMF) 45X12/8;2,05;0,03;0;2,08;9,481;11,561;3,87;;0;;0;#JAKO/0!;3,15;prof. 2229;;;0;350;250;350
BKMJ (BKMF) 50X8,00/6,00;2,05;0,03;0;2,08;9,481;11,561;3,043;;0;;0;#JAKO/0!;3,15;prof. 2279;;;0;350;250;350
BKMJ (BKMF) 50X8,50/6,50;2,05;0,03;0;2,08;9,481;11,561;3,25;;0;;0;#JAKO/0!;3,15;prof. 2236;;;0;350;250;350
BKMJ (BKMF) 50X9/5,5;2,05;0,03;0;2,08;9,481;11,561;3,166;;0;;0;#JAKO/0!;3,15;prof. 2288;;;0;350;250;350
BKMJ (BKMF) 50X9/7;2,05;0,03;0;2,08;9,481;11,561;3,462;;0;;0;#JAKO/0!;3,15;prof. 2287;;;0;350;250;350
BKMJ (BKMF) 50X10/7;2,05;0,03;0,69;2,7651;9,481;12,246;3,68;1153.0;51,96;86.0;365;12,989;55,11;prof. 2226;250.0;;365;0;250;250
BKMJ (BKMF) 50X11/7;2,05;0,03;0;2,08;9,481;11,561;3,9;;0;;0;#JAKO/0!;3,15;prof. 2225;;;0;350;250;350
BKMJ (BKMF) 50X11/8;2,05;0,03;0;2,08;9,481;11,561;4,092;;0;;0;#JAKO/0!;3,15;prof. 2240;;;0;350;250;350
BKMJ (BKMF) 50X11/8,5;2,05;0,03;0;2,08;9,481;11,561;4,189;;0;;0;#JAKO/0!;3,15;prof. 2676;;;0;350;250;350
BKMJ (BKMF) 51X11,50/10,50;2,05;0,03;0;2,08;9,481;11,561;4,79;;0;;0;#JAKO/0!;3,15;prof. 2205;;;0;350;250;350
BKMJ (BKMF) 52X11/8,5;2,05;0,03;0;2,08;9,481;11,561;4,363;;0;;0;#JAKO/0!;3,15;prof. 2679;;;0;350;250;350
BKMJ (BKMF) 54X15/13;2,05;0,03;0;2,08;9,481;11,561;6,391;;0;;0;#JAKO/0!;3,15;prof. 2296;;;0;350;250;350
BKMJ (BKMF) 55X9/7;2,05;0,03;0;2,08;9,481;11,561;3,818;;0;;0;#JAKO/0!;3,15;prof. 2639;;;0;350;250;350
