ticket_id,opened,closed,priority,category,country,first_response_hours,satisfaction
T-1073,2025-01-08,,medium,Performance,Norway,18.8,
T-1139,2025-01-09,2025-01-11,medium,Login,Finland,21.0,5
T-1127,2025-01-10,2025-01-25,low,Integration,Sweden,78.1,
T-1071,2025-01-11,2025-01-12,urgent,Performance,Sweden,1.8,4
T-1180,2025-01-11,2025-01-13,medium,Login,Sweden,5.0,5
T-1124,2025-01-16,,medium,Integration,Norway,18.0,
T-1140,2025-01-16,2025-01-18,medium,Login,Sweden,16.2,5
T-1019,2025-01-17,2025-01-21,medium,Performance,Norway,10.0,
T-1026,2025-01-20,,low,Mobile app,Norway,25.2,
T-1038,2025-01-20,2025-01-28,low,Reports,Sweden,33.7,3
T-1085,2025-01-20,2025-01-30,low,Billing,Germany,37.6,4
T-1120,2025-01-20,,medium,Performance,Estonia,13.7,
T-1144,2025-01-20,2025-01-24,low,Billing,Finland,36.6,
T-1045,2025-01-21,2025-01-23,medium,Billing,Finland,5.7,4
T-1077,2025-01-21,2025-01-26,low,Integration,Germany,37.4,
T-1086,2025-01-21,,medium,Login,Estonia,17.9,
T-1111,2025-01-21,2025-01-22,high,Billing,Finland,4.2,
T-1055,2025-01-23,2025-01-30,medium,Billing,Germany,9.4,5
T-1125,2025-01-26,2025-02-03,medium,Integration,Germany,17.3,5
T-1063,2025-01-28,2025-02-03,medium,Performance,Estonia,18.7,5
T-1062,2025-01-30,2025-02-03,low,Billing,Norway,23.1,4
T-1092,2025-01-30,2025-02-03,medium,Mobile app,Estonia,18.9,5
T-1116,2025-01-31,2025-02-01,urgent,Performance,Finland,1.2,4
T-1064,2025-02-02,2025-02-06,medium,Billing,Finland,15.2,5
T-1102,2025-02-02,2025-02-08,low,Performance,Finland,28.3,3
T-1081,2025-02-05,2025-02-11,medium,Integration,Sweden,32.9,
T-1119,2025-02-09,2025-02-17,low,Mobile app,Sweden,36.8,3
T-1143,2025-02-14,,high,Performance,Sweden,3.5,
T-1048,2025-02-15,2025-02-22,medium,Performance,Germany,13.8,5
T-1002,2025-02-18,2025-02-21,low,Reports,Finland,23.3,5
T-1171,2025-02-18,,low,Billing,Norway,22.7,
T-1069,2025-02-20,2025-02-22,urgent,Mobile app,Germany,0.9,5
T-1131,2025-02-20,2025-02-26,high,Integration,Norway,8.8,4
T-1031,2025-02-21,2025-02-23,high,Reports,Germany,3.1,5
T-1091,2025-02-21,2025-02-22,low,Mobile app,Finland,0.2,4
T-1088,2025-02-24,2025-02-27,high,Performance,Finland,0.2,5
T-1146,2025-02-25,2025-03-06,low,Performance,Finland,41.1,4
T-1150,2025-02-26,2025-03-05,medium,Login,Germany,13.6,5
T-1004,2025-02-28,2025-03-09,low,Integration,Norway,40.1,4
T-1011,2025-03-01,2025-03-02,high,Integration,Finland,11.5,4
T-1093,2025-03-02,2025-03-05,medium,Billing,Finland,14.6,4
T-1105,2025-03-02,2025-03-09,high,Billing,Finland,10.3,4
T-1060,2025-03-06,2025-03-09,high,Reports,Estonia,9.7,
T-1126,2025-03-07,2025-03-12,low,Billing,Estonia,31.0,
T-1023,2025-03-08,2025-03-13,medium,Performance,Finland,8.1,4
T-1135,2025-03-08,2025-03-10,medium,Performance,Norway,13.2,
T-1087,2025-03-10,2025-03-13,medium,Performance,Finland,2.0,4
T-1167,2025-03-10,,low,Performance,Germany,32.5,
T-1162,2025-03-15,2025-03-17,low,Reports,Norway,23.9,5
T-1173,2025-03-15,2025-03-17,high,Reports,Sweden,2.7,5
T-1034,2025-03-16,2025-03-23,medium,Performance,Sweden,17.5,5
T-1106,2025-03-17,2025-03-25,medium,Reports,Estonia,23.4,4
T-1147,2025-03-17,2025-03-22,medium,Login,Estonia,9.9,
T-1018,2025-03-20,2025-03-26,medium,Login,Estonia,21.6,4
T-1047,2025-03-20,2025-03-25,medium,Performance,Germany,5.7,4
T-1109,2025-03-22,,high,Performance,Sweden,5.2,
T-1153,2025-03-22,2025-03-23,urgent,Performance,Estonia,1.2,5
T-1114,2025-03-23,2025-03-29,low,Performance,Germany,25.8,3
T-1155,2025-03-24,2025-03-30,medium,Billing,Finland,0.2,
T-1035,2025-03-25,2025-04-01,medium,Billing,Germany,14.5,5
T-1052,2025-03-25,2025-04-02,low,Mobile app,Sweden,30.4,
T-1141,2025-03-26,2025-03-30,medium,Billing,Estonia,17.1,4
T-1157,2025-03-26,2025-03-28,medium,Login,Finland,12.0,
T-1044,2025-03-27,2025-03-31,low,Billing,Estonia,24.1,
T-1170,2025-03-27,,low,Billing,Finland,33.6,
T-1154,2025-03-29,2025-04-04,medium,Billing,Estonia,10.4,
T-1078,2025-03-31,2025-04-05,high,Billing,Sweden,10.3,4
T-1051,2025-04-02,2025-04-09,medium,Performance,Germany,13.5,5
T-1160,2025-04-07,2025-04-11,medium,Performance,Estonia,13.4,5
T-1174,2025-04-10,2025-04-20,low,Billing,Sweden,39.8,3
T-1006,2025-04-12,,urgent,Integration,Norway,3.6,
T-1024,2025-04-12,2025-04-15,medium,Login,Estonia,19.4,5
T-1005,2025-04-13,,low,Performance,Estonia,27.2,
T-1089,2025-04-13,2025-04-14,high,Reports,Estonia,6.2,5
T-1115,2025-04-13,2025-04-22,low,Billing,Norway,42.6,3
T-1166,2025-04-15,2025-04-16,high,Integration,Finland,11.9,4
T-1080,2025-04-16,2025-04-20,low,Mobile app,Estonia,26.6,3
T-1128,2025-04-17,2025-04-24,medium,Performance,Estonia,11.0,4
T-1123,2025-04-19,2025-04-23,medium,Performance,Finland,6.5,
T-1025,2025-04-21,2025-04-26,medium,Billing,Finland,11.4,5
T-1103,2025-04-21,2025-04-30,low,Login,Norway,30.5,
T-1145,2025-04-21,2025-04-24,low,Login,Estonia,25.7,
T-1172,2025-04-24,,low,Reports,Norway,24.6,
T-1033,2025-04-25,2025-05-03,low,Billing,Estonia,33.6,3
T-1003,2025-04-27,2025-04-30,high,Integration,Norway,4.9,5
T-1057,2025-04-27,,medium,Reports,Finland,14.4,
T-1179,2025-04-30,2025-05-03,medium,Mobile app,Estonia,10.9,4
T-1094,2025-05-01,2025-05-07,medium,Login,Germany,12.2,4
T-1075,2025-05-02,2025-05-05,high,Mobile app,Germany,6.4,4
T-1070,2025-05-07,2025-05-13,low,Billing,Germany,17.0,5
T-1098,2025-05-12,2025-05-18,low,Billing,Germany,38.8,4
T-1096,2025-05-14,2025-05-22,medium,Performance,Sweden,19.3,
T-1169,2025-05-15,2025-05-19,low,Mobile app,Finland,37.0,3
T-1178,2025-05-16,2025-05-17,medium,Mobile app,Finland,9.9,4
T-1040,2025-05-17,2025-05-21,low,Login,Finland,30.4,
T-1059,2025-05-22,,high,Login,Norway,4.8,
T-1138,2025-05-22,2025-05-23,medium,Billing,Norway,13.4,4
T-1177,2025-05-23,2025-05-29,high,Login,Germany,4.2,4
T-1110,2025-05-24,2025-05-25,urgent,Mobile app,Germany,1.2,5
T-1137,2025-05-26,2025-05-31,high,Performance,Germany,2.7,5
T-1066,2025-05-28,2025-05-29,urgent,Integration,Sweden,3.2,5
T-1133,2025-06-03,2025-06-09,medium,Integration,Estonia,37.3,4
T-1049,2025-06-06,2025-06-11,low,Reports,Norway,44.2,3
T-1074,2025-06-06,2025-06-07,high,Mobile app,Finland,8.8,5
T-1159,2025-06-07,2025-06-09,low,Login,Germany,15.5,5
T-1036,2025-06-08,,high,Billing,Norway,1.6,
T-1010,2025-06-09,2025-06-13,low,Billing,Estonia,29.4,3
T-1030,2025-06-10,2025-06-18,low,Login,Estonia,18.5,4
T-1079,2025-06-10,2025-06-14,high,Reports,Finland,8.0,4
T-1113,2025-06-10,2025-06-15,medium,Login,Sweden,12.8,5
T-1117,2025-06-11,2025-06-12,low,Mobile app,Germany,13.4,5
T-1008,2025-06-16,,medium,Billing,Finland,2.4,
T-1130,2025-06-17,2025-06-23,urgent,Billing,Norway,1.9,4
T-1136,2025-06-17,2025-06-19,high,Performance,Sweden,5.5,4
T-1165,2025-06-18,2025-06-19,high,Login,Estonia,8.7,5
T-1039,2025-06-21,,low,Reports,Norway,31.4,
T-1017,2025-06-23,2025-06-27,high,Performance,Germany,4.6,5
T-1013,2025-07-01,2025-07-10,low,Login,Estonia,37.5,3
T-1163,2025-07-01,2025-07-05,medium,Mobile app,Norway,14.8,
T-1037,2025-07-07,2025-07-11,low,Billing,Norway,31.5,3
T-1158,2025-07-11,2025-07-18,low,Login,Finland,23.5,4
T-1112,2025-07-12,2025-07-14,medium,Login,Finland,12.4,4
T-1168,2025-07-12,2025-07-21,low,Reports,Germany,46.7,4
T-1107,2025-07-14,2025-07-17,medium,Mobile app,Norway,12.6,5
T-1016,2025-07-20,2025-07-27,low,Mobile app,Germany,22.1,4
T-1101,2025-07-22,2025-07-23,medium,Performance,Norway,12.1,4
T-1176,2025-07-23,2025-07-25,medium,Performance,Estonia,13.1,4
T-1164,2025-07-26,2025-07-28,medium,Performance,Estonia,12.8,4
T-1108,2025-07-28,2025-08-02,medium,Login,Estonia,13.4,4
T-1021,2025-07-29,,medium,Login,Norway,11.2,
T-1053,2025-07-29,2025-08-03,low,Performance,Norway,17.9,5
T-1015,2025-07-31,2025-08-06,low,Billing,Estonia,32.9,3
T-1099,2025-08-01,,medium,Reports,Germany,7.5,
T-1132,2025-08-02,,medium,Mobile app,Germany,13.9,
T-1001,2025-08-04,2025-08-15,low,Login,Sweden,50.9,3
T-1065,2025-08-05,2025-08-06,medium,Login,Estonia,5.8,4
T-1022,2025-08-06,2025-08-10,high,Mobile app,Sweden,8.1,5
T-1058,2025-08-06,2025-08-08,medium,Login,Norway,16.3,5
T-1118,2025-08-06,2025-08-12,low,Performance,Finland,43.2,
T-1041,2025-08-10,2025-08-14,medium,Billing,Norway,13.5,5
T-1042,2025-08-10,2025-08-16,medium,Mobile app,Estonia,9.5,4
T-1152,2025-08-10,2025-08-12,medium,Billing,Norway,17.1,4
T-1095,2025-08-12,2025-08-13,high,Reports,Finland,3.8,4
T-1084,2025-08-13,2025-08-19,medium,Performance,Germany,6.1,4
T-1100,2025-08-14,2025-08-18,high,Mobile app,Germany,5.5,5
T-1129,2025-08-15,2025-08-21,low,Mobile app,Germany,21.8,4
T-1097,2025-08-20,,low,Reports,Norway,26.6,
T-1076,2025-08-22,2025-08-28,medium,Mobile app,Finland,3.4,5
T-1104,2025-08-27,2025-09-05,low,Reports,Sweden,33.8,3
T-1090,2025-09-01,2025-09-05,urgent,Login,Sweden,1.1,4
T-1148,2025-09-05,2025-09-12,low,Performance,Sweden,29.6,4
T-1054,2025-09-06,2025-09-10,medium,Mobile app,Estonia,14.7,
T-1046,2025-09-07,2025-09-10,medium,Performance,Finland,3.5,
T-1007,2025-09-08,2025-09-12,high,Performance,Sweden,6.6,5
T-1028,2025-09-08,2025-09-10,low,Performance,Finland,20.8,5
T-1050,2025-09-08,2025-09-10,medium,Billing,Finland,13.5,4
T-1029,2025-09-09,2025-09-13,high,Performance,Estonia,6.2,
T-1043,2025-09-09,,low,Billing,Norway,29.6,
T-1151,2025-09-13,2025-09-17,high,Integration,Finland,3.4,
T-1175,2025-09-13,2025-09-14,high,Reports,Germany,3.0,5
T-1122,2025-09-15,2025-09-16,high,Mobile app,Germany,7.9,4
T-1068,2025-09-16,,medium,Billing,Estonia,10.0,
T-1072,2025-09-20,,high,Mobile app,Sweden,4.4,
T-1014,2025-09-22,,medium,Performance,Estonia,4.2,
T-1083,2025-09-22,,medium,Performance,Norway,12.0,
T-1149,2025-09-23,,low,Billing,Estonia,31.4,
T-1082,2025-09-24,,low,Integration,Norway,60.5,
T-1027,2025-09-25,,urgent,Mobile app,Norway,1.2,
T-1009,2025-09-26,,medium,Integration,Germany,21.2,
T-1061,2025-09-26,,medium,Login,Estonia,22.0,
T-1020,2025-09-27,,low,Performance,Finland,20.3,
T-1067,2025-09-27,,high,Mobile app,Sweden,5.8,
T-1012,2025-09-28,,low,Performance,Estonia,34.2,
T-1056,2025-09-29,,low,Reports,Germany,52.9,
T-1121,2025-09-29,,high,Integration,Germany,5.9,
T-1134,2025-10-01,,medium,Integration,Finland,26.3,
T-1161,2025-10-02,,high,Billing,Norway,6.7,
T-1032,2025-10-03,,medium,Mobile app,Norway,8.8,
T-1142,2025-10-03,,medium,Login,Estonia,13.3,
T-1156,2025-10-03,,medium,Integration,Germany,9.5,
